/**********************************************************************
 * NAME: Dominick Schulz
 * CLASS: CPSC 321 
 * DATE: 12/3/2023
 * DESCRIPTION: Table creation for project
 **********************************************************************/

DROP TABLE IF EXISTS Tickets;
DROP TABLE IF EXISTS Memberships;
DROP TABLE IF EXISTS PerformanceList;
DROP TABLE IF EXISTS Events;
DROP TABLE IF EXISTS Groups;
DROP TABLE IF EXISTS Venue;
DROP TABLE IF EXISTS IndividualPerformers;
DROP TABLE IF EXISTS Users;



CREATE TABLE IndividualPerformers (
    individual_name VARCHAR(50),
    stage_name VARCHAR(50),
    age INT NOT NULL,
    PRIMARY KEY (stage_name)
);


CREATE TABLE Venue (
    venue_name VARCHAR(50),
    city VARCHAR(50) NOT NULL,
    capacity INT NOT NULL,
    PRIMARY KEY (venue_name)
);


CREATE TABLE Groups (
    group_name VARCHAR(50),
    founded DATE NOT NULL,
    PRIMARY KEY (group_name)
);


CREATE TABLE Users (
    id INT,
    user_name VARCHAR(50) NOT NULL,
    phone_number BIGINT,
    date_of_birth DATE,
    PRIMARY KEY (id)
);


CREATE TABLE Events (
    event_name VARCHAR(100),
    venue_name VARCHAR(50),
    event_date DATE,
    start_time TIME,
    PRIMARY KEY (event_name),
    FOREIGN KEY (venue_name) REFERENCES Venue(venue_name)
);


CREATE TABLE PerformanceList (
    event_name VARCHAR(100),
    group_name VARCHAR(50),
    PRIMARY KEY (event_name, group_name),
    FOREIGN KEY (event_name) REFERENCES Events(event_name),
    FOREIGN KEY (group_name) REFERENCES Groups(group_name)
);


CREATE TABLE Memberships (
    stage_name VARCHAR(50),
    group_name VARCHAR(50) NOT NULL,
    PRIMARY KEY (stage_name, group_name),
    FOREIGN KEY (stage_name) REFERENCES IndividualPerformers(stage_name),
    FOREIGN KEY (group_name) REFERENCES Groups(group_name)
);



CREATE TABLE Tickets (
    id INT,
    event_name VARCHAR(100),
    purchased_by INT,
    price FLOAT NOT NULL,
    PRIMARY KEY (id, event_name),
    FOREIGN KEY (purchased_by) REFERENCES Users(id),
    FOREIGN KEY (event_name) REFERENCES Events(event_name)
);







-- Populate the tables with fake data
INSERT INTO IndividualPerformers (individual_name, stage_name, age) VALUES
('Elvis Presley', 'ElvisStage', 23),
('Aretha Franklin', 'ArethaStage', 28),
('Michael Jackson', 'MJStage', 21),
('Madonna', 'MadonnaStage', 35),
('Bob Dylan', 'DylanStage', 32),
('Adele', 'AdeleStage', 29),
('Prince', 'PrinceStage', 26),
('Whitney Houston', 'WhitneyStage', 33),
('John Lennon', 'JohnLennonStage', 30),
('Jim Morrison', 'MorrisonStage', 27),
('Tina Turner', 'TinaStage', 25),
('David Bowie', 'BowieStage', 31),
('Janis Joplin', 'JanisStage', 26),
('Bono', 'BonoStage', 28),
('Freddy Mercury', 'FreddyStage', 29),
('Stevie Nicks', 'StevieStage', 30),
('Kurt Cobain', 'KurtStage', 24),
('Amy Winehouse', 'AmyStage', 27),
('Carlos Santana', 'SantanaStage', 32),
('Bruce Springsteen', 'BruceStage', 33),
('Celine Dion', 'CelineStage', 28),
('Frank Sinatra', 'FrankStage', 36),
('Ella Fitzgerald', 'EllaStage', 34),
('Jimi Hendrix', 'HendrixStage', 27),
('Chris Martin', 'ChrisMartinStage', 44),
('Roger Waters', 'RogerWatersStage', 72),
('Angus Young', 'AngusYoungStage', 68),
('Don Henley', 'DonHenleyStage', 73),
('Stevie Nicks', 'StevieNicksStage', 72),
('Roger Daltrey', 'RogerDaltreyStage', 77),
('Thom Yorke', 'ThomYorkeStage', 53),
('Brian Wilson', 'BrianWilsonStage', 79),
('David Ruffin', 'DavidRuffinStage', 60),
('Gene Simmons', 'GeneSimmonsStage', 71),
('Axl Rose', 'AxlRoseStage', 59),
('Diana Ross', 'DianaRossStage', 76),
('Nick Carter', 'NickCarterStage', 41),
('Elton John', 'EltonStage', 74),
('Beyoncé', 'BeyonceStage', 40),
('Johnny Cash', 'JohnnyCashStage', 71),
('Lady Gaga', 'GagaStage', 36),
('Paul McCartney', 'PaulMcCartneyStage', 79),
('Taylor Swift', 'TaylorStage', 32),
('Eminem', 'EminemStage', 49),
('Alicia Keys', 'AliciaKeysStage', 40),
('Bruce Dickinson', 'BruceDickinsonStage', 63),
('Dolly Parton', 'DollyPartonStage', 75),
('Eddie Vedder', 'EddieVedderStage', 57),
('Sting', 'StingStage', 70),
('Shakira', 'ShakiraStage', 45),
('Bruno Mars', 'BrunoMarsStage', 36),
('Christina Aguilera', 'ChristinaAguileraStage', 41),
('Lionel Richie', 'LionelRichieStage', 72),
('Shania Twain', 'ShaniaTwainStage', 56),
('Justin Timberlake', 'JustinTimberlakeStage', 40),
('Ariana Grande', 'ArianaGrandeStage', 28),
('George Michael', 'GeorgeMichaelStage', 53),
('Mick Jagger', 'MickJaggerStage', 78),
('Rihanna', 'RihannaStage', 34),
('Eric Clapton', 'EricClaptonStage', 76),
('Ed Sheeran', 'EdSheeranStage', 31),
('Billy Joel', 'BillyJoelStage', 72),
('Jennifer Lopez', 'JLoStage', 52),
('Ringo Starr', 'RingoStarrStage', 81),
('Katy Perry', 'KatyPerryStage', 37),
('Stevie Wonder', 'StevieWonderStage', 71),
('Drake', 'DrakeStage', 35),
('Ozzy Osbourne', 'OzzyOsbourneStage', 73),
('Elvis Costello', 'ElvisCostelloStage', 67),
('Sade', 'SadeStage', 62),
('Willie Nelson', 'WillieNelsonStage', 88),
('Mia Johnson', 'MiaStage', 25),
('Oliver White', 'OliverStage', 30),
('Emma Turner', 'EmmaStage', 28),
('Liam Mitchell', 'LiamStage', 24),
('Ava King', 'AvaStage', 22),
('Noah Wright', 'NoahStage', 27),
('Isabella Moore', 'IsabellaStage', 26),
('Ethan Taylor', 'EthanStage', 29),
('Sophia Clark', 'SophiaStage', 31),
('Jackson Harris', 'JacksonStage', 23),
('Olivia Davis', 'OliviaStage', 30),
('Liam Miller', 'LiamMillerStage', 32),
('Aiden Hill', 'AidenStage', 29),
('Sophia Smith', 'SophiaSmithStage', 25),
('Lucas White', 'LucasWhiteStage', 26),
('Aria Davis', 'AriaStage', 27),
('Carter Wilson', 'CarterStage', 28),
('Amelia Martin', 'AmeliaStage', 24),
('Grayson Jackson', 'GraysonStage', 30),
('Jayden Turner', 'JaydenStage', 27),
('Avery Turner', 'AveryStage', 25),
('Jack Harris', 'JackStage', 26),
('Charlotte Harris', 'CharlotteStage', 28),
('Elijah Turner', 'ElijahStage', 24),
('Scarlett Harris', 'ScarlettStage', 26),
('Logan Wright', 'LoganStage', 27),
('Aria Turner', 'AriaTurnerStage', 28),
('Lincoln Davis', 'LincolnStage', 30),
('Evelyn Taylor', 'EvelynStage', 29),
('Mason Turner', 'MasonStage', 25),
('Harper Harris', 'HarperStage', 26),
('Sebastian Taylor', 'SebastianStage', 28),
('Ella Turner', 'EllaTurnerStage', 24),
('Abel Hill', 'AbelStage', 27),
('Aria Mitchell', 'AriaMitchellStage', 26),
('Leo Taylor', 'LeoStage', 28),
('Grace Turner', 'GraceStage', 25),
('Julian Davis', 'JulianStage', 29),
('Lily Harris', 'LilyStage', 30),
('Ezra Turner', 'EzraStage', 28),
('Avery Smith', 'AverySmithStage', 26),
('Owen Martin', 'OwenStage', 27),
('Violet Turner', 'VioletStage', 29),
('Caleb Harris', 'CalebStage', 25),
('Ava Turner', 'AvaTurnerStage', 26),
('Hunter Wright', 'HunterStage', 27),
('Luna Davis', 'LunaStage', 28);


INSERT INTO Groups (group_name, founded) VALUES
('The Beatles', '1960-08-01'),
('Queen', '1970-06-01'),
('ABBA', '1972-04-01'),
('Led Zeppelin', '1968-09-01'),
('The Rolling Stones', '1962-07-01'),
('Nirvana', '1987-01-01'),
('The Spice Girls', '1994-03-01'),
('Backstreet Boys', '1993-04-20'),
('Metallica', '1981-10-28'),
('The Beach Boys', '1961-12-31'),
('The Eagles', '1971-02-01'),
('Red Hot Chili Peppers', '1983-01-01'),
('Fleetwood Mac', '1967-07-01'),
('U2', '1976-09-25'),
('Pink Floyd', '1965-03-01'),
('The Supremes', '1959-01-21'),
('The Temptations', '1960-01-16'),
('Spinal Tap', '1979-02-01'),
('The Monkees', '1966-12-01'),
('Gorillaz', '1998-06-01'),
('The Wombats', '2003-01-01'),
('The Lumineers', '2005-01-01'),
('The Black Eyed Peas', '1995-07-01'),
('The Arctic Monkeys', '2002-01-01'),
('The Chainsmokers', '2012-06-01'),
('The Foo Fighters', '1994-10-04'),
('The Killers', '2001-08-01'),
('Imagine Dragons', '2008-01-01'),
('The Strokes', '1998-01-01'),
('The 1975', '2002-06-01'),
('Elvis Presley', '2000-01-01'),
('Aretha Franklin', '2000-01-02'),
('Michael Jackson', '2000-01-03'),
('Madonna', '2000-01-04'),
('Bob Dylan', '2000-01-05'),
('Adele', '2000-01-06'),
('Prince', '2000-01-07'),
('Whitney Houston', '2000-01-08'),
('John Lennon', '2000-01-09'),
('Jim Morrison', '2000-01-10');


INSERT INTO Users (id, user_name, phone_number, date_of_birth) VALUES
(1, 'RockFan1', 1234567890, '1980-05-10'),
(2, 'PopFan2', 9876543210, '1975-12-22'),
(3, 'JazzLover3', 5555555555, '1992-08-18'),
(4, 'BluesFan4', 9998887777, '1988-04-03'),
(5, 'CountryFan5', 1111222233, '1995-11-05'),
(6, 'RapEnthusiast6', 7777777777, '1983-02-28'),
(7, 'EDMFollower7', 6666666666, '1990-07-15'),
(8, 'ClassicRockFan8', 4444444444, '1982-10-20'),
(9, 'IndieMusicLover9', 3333333333, '1998-04-12'),
(10, 'MetalHead10', 1231231234, '1987-06-15'),
(11, 'ElectronicFan11', 5556667777, '1993-09-20'),
(12, 'ReggaeLover12', 8889990000, '1985-04-28'),
(13, 'KPopEnthusiast13', 2223334444, '1999-01-10'),
(14, 'FolkMusicFan14', 7778889999, '1980-12-05'),
(15, 'SoulMusicLover15', 1112223333, '1991-03-25'),
(16, 'TechnoFanatic16', 6667778888, '1988-07-08'),
(17, 'AlternativeRockFan17', 4445556666, '1995-11-15'),
(18, 'HipHopHead18', 3334445555, '1983-02-01'),
(19, 'R&BEnthusiast19', 9990001111, '1997-08-22'),
(20, 'DiscoDancer20', 1110002222, '1982-05-18'),
(21, 'PunkRockFan21', 3332221111, '1989-10-30'),
(22, 'ClassicalMusicLover22', 8887776666, '1996-12-12'),
(23, 'RockFan23', 5554443333, '1993-06-20'),
(24, 'PopFan24', 7778889999, '1981-11-15'),
(25, 'JazzLover25', 2221113333, '1995-09-02'),
(26, 'BluesFan26', 6665557777, '1989-03-18'),
(27, 'CountryFan27', 9991112222, '1992-07-25'),
(28, 'RapEnthusiast28', 4446668888, '1984-02-10'),
(29, 'EDMFollower29', 1119990000, '1997-04-12'),
(30, 'ClassicRockFan30', 3337778888, '1987-08-22'),
(31, 'IndieMusicLover31', 6663334444, '1990-05-18'),
(32, 'MetalHead32', 8884445555, '1982-12-30'),
(33, 'ElectronicFan33', 1112223333, '1999-09-15'),
(34, 'ReggaeLover34', 5556667777, '1986-01-28'),
(35, 'KPopEnthusiast35', 8885556666, '1993-10-10'),
(36, 'FolkMusicFan36', 3332221111, '1985-07-05'),
(37, 'SoulMusicLover37', 6661112222, '1991-12-15'),
(38, 'TechnoFanatic38', 9996667777, '1984-04-20'),
(39, 'AlternativeRockFan39', 4449990000, '1996-01-02'),
(40, 'HipHopHead40', 1114445555, '1989-08-22'),
(41, 'R&BEnthusiast41', 8881112222, '1992-03-18'),
(42, 'DiscoDancer42', 3338889999, '1987-06-25'),
(43, 'PunkRockFan43', 5553334444, '1994-09-10'),
(44, 'ClassicalMusicLover44', 7770001111, '1981-02-28'),
(45, 'RockFan45', 2225556666, '1998-07-15'),
(46, 'PopFan46', 9993334444, '1983-12-20'),
(47, 'JazzLover47', 4442223333, '1996-09-02'),
(48, 'BluesFan48', 1116667777, '1990-03-18'),
(49, 'CountryFan49', 6669991111, '1993-07-25'),
(50, 'RapEnthusiast50', 3334446666, '1985-02-10'),
(51, 'EDMFollower51', 8881119999, '1998-04-12'),
(52, 'ClassicRockFan52', 4443337777, '1988-08-22'),
(53, 'IndieMusicLover53', 1116663333, '1991-05-18'),
(54, 'MetalHead54', 8884445555, '1983-12-30'),
(55, 'ElectronicFan55', 1112223333, '1999-09-15'),
(56, 'ReggaeLover56', 5556667777, '1986-01-28'),
(57, 'KPopEnthusiast57', 8885556666, '1993-10-10'),
(58, 'FolkMusicFan58', 3332221111, '1985-07-05'),
(59, 'SoulMusicLover59', 6661112222, '1991-12-15'),
(60, 'TechnoFanatic60', 9996667777, '1984-04-20'),
(61, 'AlternativeRockFan61', 4449990000, '1996-01-02'),
(62, 'HipHopHead62', 1114445555, '1989-08-22'),
(63, 'R&BEnthusiast63', 8881112222, '1992-03-18'),
(64, 'DiscoDancer64', 3338889999, '1987-06-25'),
(65, 'PunkRockFan65', 5553334444, '1994-09-10'),
(66, 'ClassicalMusicLover66', 7770001111, '1981-02-28'),
(67, 'RockFan67', 2225556666, '1998-07-15'),
(68, 'PopFan68', 9993334444, '1983-12-20'),
(69, 'JazzLover69', 4442223333, '1996-09-02'),
(70, 'BluesFan70', 1116667777, '1990-03-18'),
(71, 'CountryFan71', 6669991111, '1993-07-25'),
(72, 'RapEnthusiast72', 3334446666, '1985-02-10'),
(73, 'EDMFollower73', 8881119999, '1998-04-12'),
(74, 'ClassicRockFan74', 4443337777, '1988-08-22'),
(75, 'IndieMusicLover75', 1116663333, '1991-05-18'),
(76, 'MetalHead76', 8884445555, '1983-12-30'),
(77, 'ElectronicFan77', 1112223333, '1999-09-15'),
(78, 'ReggaeLover78', 5556667777, '1986-01-28'),
(79, 'KPopEnthusiast79', 8885556666, '1993-10-10'),
(80, 'FolkMusicFan80', 3332221111, '1985-07-05'),
(81, 'SoulMusicLover81', 6661112222, '1991-12-15'),
(82, 'TechnoFanatic82', 9996667777, '1984-04-20'),
(83, 'AlternativeRockFan83', 4449990000, '1996-01-02'),
(84, 'HipHopHead84', 1114445555, '1989-08-22'),
(85, 'R&BEnthusiast85', 8881112222, '1992-03-18'),
(86, 'DiscoDancer86', 3338889999, '1987-06-25'),
(87, 'PunkRockFan87', 5553334444, '1994-09-10'),
(88, 'ClassicalMusicLover88', 7770001111, '1981-02-28'),
(89, 'RockFan89', 2225556666, '1998-07-15'),
(90, 'PopFan90', 9993334444, '1983-12-20'),
(91, 'JazzLover91', 4442223333, '1996-09-02'),
(92, 'BluesFan92', 1116667777, '1990-03-18'),
(93, 'CountryFan93', 6669991111, '1993-07-25'),
(94, 'RapEnthusiast94', 3334446666, '1985-02-10'),
(95, 'EDMFollower95', 8881119999, '1998-04-12'),
(96, 'ClassicRockFan96', 4443337777, '1988-08-22'),
(97, 'IndieMusicLover97', 1116663333, '1991-05-18'),
(98, 'MetalHead98', 8884445555, '1983-12-30'),
(99, 'ElectronicFan99', 1112223333, '1999-09-15'),
(100, 'ReggaeLover100', 5556667777, '1986-01-28'),
(101, 'User101', 1112223333, '1991-06-20'),
(102, 'User102', 2223334444, '1982-11-15'),
(103, 'User103', 3334445555, '1994-09-02'),
(104, 'User104', 4445556666, '1980-03-18'),
(105, 'User105', 5556667777, '1992-07-25'),
(106, 'User106', 6667778888, '1984-02-10'),
(107, 'User107', 7778889999, '1997-04-12'),
(108, 'User108', 8889990000, '1987-08-22'),
(109, 'User109', 9990001111, '1990-05-18'),
(110, 'User110', 1112223333, '1982-12-30'),
(111, 'User111', 2223334444, '1999-09-15'),
(112, 'User112', 3334445555, '1986-01-28'),
(113, 'User113', 4445556666, '1993-10-10'),
(114, 'User114', 5556667777, '1985-07-05'),
(115, 'User115', 6667778888, '1991-12-15'),
(116, 'User116', 7778889999, '1984-04-20'),
(117, 'User117', 8889990000, '1996-01-02'),
(118, 'User118', 9990001111, '1989-08-22'),
(119, 'User119', 1110002222, '1992-03-18'),
(120, 'User120', 2221113333, '1987-06-25'),
(121, 'User121', 3332221111, '1994-09-10'),
(122, 'User122', 4443332222, '1981-02-28'),
(123, 'User123', 5554443333, '1998-07-15'),
(124, 'User124', 6665556666, '1983-12-20'),
(125, 'User125', 7776665555, '1996-09-02'),
(126, 'User126', 8887776666, '1990-03-18'),
(127, 'User127', 9998887777, '1993-07-25'),
(128, 'User128', 1119998888, '1985-02-10'),
(129, 'User129', 2221119999, '1998-04-12'),
(130, 'User130', 3332228888, '1988-08-22'),
(131, 'User131', 4443337777, '1991-05-18'),
(132, 'User132', 5554446666, '1983-12-30'),
(133, 'User133', 6665555555, '1999-09-15'),
(134, 'User134', 7776664444, '1986-01-28'),
(135, 'User135', 8887773333, '1993-10-10'),
(136, 'User136', 9998882222, '1985-07-05'),
(137, 'User137', 1119991111, '1991-12-15'),
(138, 'User138', 2221110000, '1984-04-20'),
(139, 'User139', 3332229999, '1996-01-02'),
(140, 'User140', 4443338888, '1989-08-22'),
(141, 'User141', 5554447777, '1992-03-18'),
(142, 'User142', 6665556666, '1987-06-25'),
(143, 'User143', 7776665555, '1994-09-10'),
(144, 'User144', 8887776666, '1981-02-28'),
(145, 'User145', 9998887777, '1998-07-15'),
(146, 'User146', 1119998888, '1983-12-20'),
(147, 'User147', 2221119999, '1996-09-02'),
(148, 'User148', 3332228888, '1990-03-18'),
(149, 'User149', 4443337777, '1993-07-25'),
(150, 'User150', 5554446666, '1985-02-10'),
(151, 'User151', 6665555555, '1999-09-15'),
(152, 'User152', 7776664444, '1986-01-28'),
(153, 'User153', 8887773333, '1993-10-10'),
(154, 'User154', 9998882222, '1985-07-05'),
(155, 'User155', 1119991111, '1991-12-15'),
(156, 'User156', 2221110000, '1984-04-20'),
(157, 'User157', 3332229999, '1996-01-02'),
(158, 'User158', 4443338888, '1989-08-22'),
(159, 'User159', 5554447777, '1992-03-18'),
(160, 'User160', 6665556666, '1987-06-25'),
(161, 'User161', 7776665555, '1994-09-10'),
(162, 'User162', 8887776666, '1981-02-28'),
(163, 'User163', 9998887777, '1998-07-15'),
(164, 'User164', 1119998888, '1983-12-20'),
(165, 'User165', 2221119999, '1996-09-02'),
(166, 'User166', 3332228888, '1990-03-18'),
(167, 'User167', 4443337777, '1993-07-25'),
(168, 'User168', 5554446666, '1985-02-10'),
(169, 'User169', 6665555555, '1999-09-15'),
(170, 'User170', 7776664444, '1986-01-28'),
(171, 'User171', 8887773333, '1993-10-10'),
(172, 'User172', 9998882222, '1985-07-05'),
(173, 'User173', 1119991111, '1991-12-15'),
(174, 'User174', 2221110000, '1984-04-20'),
(175, 'User175', 3332229999, '1996-01-02'),
(176, 'User176', 4443338888, '1989-08-22'),
(177, 'User177', 5554447777, '1992-03-18'),
(178, 'User178', 6665556666, '1987-06-25'),
(179, 'User179', 7776665555, '1994-09-10'),
(180, 'User180', 8887776666, '1981-02-28'),
(181, 'User181', 9998887777, '1998-07-15'),
(182, 'User182', 1119998888, '1983-12-20'),
(183, 'User183', 2221119999, '1996-09-02'),
(184, 'User184', 3332228888, '1990-03-18'),
(185, 'User185', 4443337777, '1993-07-25'),
(186, 'User186', 5554446666, '1985-02-10'),
(187, 'User187', 6665555555, '1999-09-15'),
(188, 'User188', 7776664444, '1986-01-28'),
(189, 'User189', 8887773333, '1993-10-10'),
(190, 'User190', 9998882222, '1985-07-05'),
(191, 'User191', 1119991111, '1991-12-15'),
(192, 'User192', 2221110000, '1984-04-20'),
(193, 'User193', 3332229999, '1996-01-02'),
(194, 'User194', 4443338888, '1989-08-22'),
(195, 'User195', 5554447777, '1992-03-18'),
(196, 'User196', 6665556666, '1987-06-25'),
(197, 'User197', 7776665555, '1994-09-10'),
(198, 'User198', 8887776666, '1981-02-28'),
(199, 'User199', 9998887777, '1998-07-15'),
(200, 'User200', 1119998888, '1983-12-20');



INSERT INTO Venue (venue_name, city, capacity) VALUES
('Woodstock Grounds', 'Bethel', 50000),
('Royal Albert Hall', 'London', 8000),
('Apollo Theater', 'New York', 1500),
('Grand Ole Opry', 'Nashville', 3000),
('Red Rocks Amphitheatre', 'Morrison', 9500),
('Sydney Opera House', 'Sydney', 2500),
('Budokan Hall', 'Tokyo', 10000),
('Wembley Stadium', 'London', 90000), 
('Grand Arena', 'Cape Town', 12000), 
('Shanghai Oriental Art Center', 'Shanghai', 3000),
('The O2 Arena', 'London', 18000),
('Staples Center', 'Los Angeles', 19000),
('Fenway Park', 'Boston', 35000),
('Barclays Center', 'Brooklyn', 17000),
('Hollywood Bowl', 'Los Angeles', 17000),
('Brisbane Entertainment Centre', 'Brisbane', 15000),
('Chicago Theatre', 'Chicago', 3500),
('Royal Opera House', 'London', 2200),
('Wrigley Field', 'Chicago', 40000),
('Hammersmith Apollo', 'London', 5000),
('Mercedes-Benz Arena', 'Berlin', 16000),
('MGM Grand Garden Arena', 'Las Vegas', 17000),
('Madison Square Garden', 'New York', 20000),
('Worthy Farm', 'Worthy City', 15000),
('Empire Polo Club', 'Indio', 45000),
('Richfield Avenue', 'Reading', 8000),
('Grant Park', 'Chicago', 4500),
('Bayfront Park','Miami', 7000),
('Black Rock City', 'Black Rock City', 30000),
('Seaclose Park', 'Newport', 5000),
('Montreux Casino', 'Montreux', 6500),
('SSE Hydro', 'Glasgow', 13000),
('Manchester Arena', 'Manchester', 21000),
('Arena Birmingham', 'Birmingham', 15000),
('Oslo Spektrum', 'Oslo', 9000),
('The SSE Arena, Wembley', 'London', 12000),
('Rod Laver Arena', 'Melbourne', 15000),
('Mandalay Bay Events Center', 'Las Vegas', 12000),
('BOK Center', 'Tulsa', 19000),
('Genting Arena', 'Kuala Lumpur', 16000),
('Palacio de los Deportes', 'Mexico City', 18000),
('Bridgestone Arena', 'Nashville', 20000),
('Pala Alpitour', 'Turin', 18000),
('Coca-Cola Coliseum', 'Toronto', 16000),
('Oracle Arena', 'Oakland', 19000),
('Arena di Verona', 'Verona', 15000),
('PNC Arena', 'Raleigh', 19000),
('Philips Arena', 'Atlanta', 21000),
('Melbourne Park', 'Melbourne', 17000),
('Boardwalk Hall', 'Atlantic City', 10000),
('Olympiahalle', 'Munich', 15000),
('Pinnacle Bank Arena', 'Lincoln', 15000),
('Sprint Center', 'Kansas City', 19000),
('Talking Stick Resort Arena', 'Phoenix', 18000),
('Schottenstein Center', 'Columbus', 19000),
('O2 Apollo Manchester', 'Manchester', 3500),
('The Fillmore', 'San Francisco', 1500),
('The Greek Theatre', 'Los Angeles', 5800),
('BB&T Center', 'Sunrise', 19000),
('Banc of California Stadium', 'Los Angeles', 22000),
('3Arena', 'Dublin', 14000),
('Hallenstadion', 'Zurich', 15000),
('Spark Arena', 'Auckland', 12000),
('Arena Monterrey', 'Monterrey', 18000),
('Hollywood Palladium', 'Los Angeles', 5000),
('Apollo Victoria Theatre', 'London', 1500),
('Ryman Auditorium', 'Nashville', 2300),
('Caesars Palace', 'Las Vegas', 4296),
('Palladium Cologne', 'Cologne', 4000),
('Ziggo Dome', 'Amsterdam', 17000),
('Nippon Budokan', 'Tokyo', 14000),
('Hard Rock Stadium', 'Miami Gardens', 64767),
('Fiserv Forum', 'Milwaukee', 17500),
('Dickies Arena', 'Fort Worth', 14000),
('Belfast Empire Music Hall', 'Belfast', 1000),
('The Danforth Music Hall', 'Toronto', 1493),
('Bill Graham Civic Auditorium', 'San Francisco', 7000),
('Sydney Cricket Ground', 'Sydney', 48000),
('AAMI Park', 'Melbourne', 30000),
('The Palace of Auburn Hills', 'Auburn Hills', 22076),
('Queen Elizabeth Theatre', 'Vancouver', 2773),
('Brisbane Convention & Exhibition Centre', 'Brisbane', 6000),
('Prudential Center', 'Newark', 19000),
('TD Garden', 'Boston', 19580),
('Meadow Brook Amphitheatre', 'Rochester Hills', 15000),
('Queen Elizabeth Olympic Park', 'London', 80000),
('Lanxess Arena', 'Cologne', 18925),
('The Ritz', 'Manchester', 1500),
('Toyota Center', 'Houston', 19068),
('Moda Center', 'Portland', 19980),
('Cotton Bowl', 'Dallas', 92000),
('The OVO Hydro', 'Glasgow', 14000),
('The Tabernacle', 'Atlanta', 2600),
('EagleBank Arena', 'Fairfax', 10467),
('Masonic Temple Theatre', 'Detroit', 4532),
('Hollywood Forever Cemetery', 'Los Angeles', 4800),
('Wells Fargo Center', 'Philadelphia', 21000),
('Santa Monica Civic Auditorium', 'Santa Monica', 3100),
('Park Theater', 'Las Vegas', 5200),
('The Anthem', 'Washington', 6000),
('Red Hat Amphitheater', 'Raleigh', 6000),
('Xfinity Center', 'Mansfield', 12000),
('Gila River Arena', 'Glendale', 18500),
('Pru Center', 'Newark', 19000),
('Ascend Amphitheater', 'Nashville', 6250),
('Bridgewater Hall', 'Manchester', 2400),
('Bournemouth International Centre', 'Bournemouth', 4700),
('Mohegan Sun Arena', 'Uncasville', 10000),
('Hollywood Casino Amphitheatre', 'Tinley Park', 28000),
('Frank Erwin Center', 'Austin', 16737),
('Amalie Arena', 'Tampa', 21500),
('PNE Forum', 'Vancouver', 2300),
('FivePoint Amphitheatre', 'Irvine', 12000),
('Cohen Stadium', 'El Paso', 9500),
('Billboard Live', 'Tokyo', 450),
('Klipsch Music Center', 'Noblesville', 24000),
('Amway Center', 'Orlando', 20000),
('Chase Center', 'San Francisco', 18064),
('Roundhouse', 'London', 3300),
('Union Chapel', 'London', 900),
('Greek Theatre', 'Berkeley', 8800),
('Royal Exchange Theatre', 'Manchester', 700),
('Terminal 5', 'New York', 3000),
('Roxy Theatre', 'Los Angeles', 500),
('The Roundhouse', 'London', 3300),
('Shanghai Grand Theatre', 'Shanghai', 2500);


INSERT INTO Events (event_name, venue_name, event_date, start_time) VALUES
('Woodstock Festival', 'Woodstock Grounds', '1969-08-15', '12:00:00'),
('Live Aid', 'Wembley Stadium', '1985-07-13', '11:00:00'),
('Apollo Legends Night', 'Apollo Theater', '1999-02-20', '20:00:00'),
('Grand Ole Opry Live', 'Grand Ole Opry', '2005-05-30', '18:30:00'),
('Red Rocks Concert', 'Red Rocks Amphitheatre', '2010-09-05', '19:45:00'),
('Sydney Opera House Performance', 'Sydney Opera House', '2015-03-12', '21:00:00'),
('Budokan Hall Show', 'Budokan Hall', '2020-11-08', '19:30:00'),
('Glastonbury Festival', 'Worthy Farm', '2018-06-24', '14:30:00'),
('Coachella Music Festival', 'Empire Polo Club', '2019-04-12', '16:00:00'),
('Montreux Jazz Festival', 'Montreux Casino', '2021-07-10', '19:15:00'),
('Reading Festival', 'Richfield Avenue', '2022-08-28', '12:45:00'),
('Lollapalooza', 'Grant Park', '2023-07-29', '15:30:00'),
('Ultra Music Festival', 'Bayfront Park', '2024-03-30', '18:00:00'),
('Burning Man', 'Black Rock City', '2025-09-01', '20:30:00'),
('Isle of Wight Festival', 'Seaclose Park', '2026-06-12', '17:45:00');





INSERT INTO Memberships (stage_name, group_name) VALUES
('ElvisStage', 'Elvis Presley'),
('ArethaStage', 'Aretha Franklin'),
('MJStage', 'Michael Jackson'),
('AidenStage', 'Metallica'),
('MadonnaStage', 'Madonna'),
('DylanStage', 'Bob Dylan'),
('AdeleStage', 'Adele'),
('PrinceStage', 'Prince'),
('WhitneyStage', 'Whitney Houston'),
('JohnLennonStage', 'John Lennon'),
('MorrisonStage', 'Jim Morrison'),
('MiaStage', 'The Beatles'),
('OliverStage', 'The Beatles'),
('EmmaStage', 'Queen'),
('LiamStage', 'Queen'),
('AvaStage', 'ABBA'),
('NoahStage', 'ABBA'),
('IsabellaStage', 'Led Zeppelin'),
('EthanStage', 'Led Zeppelin'),
('SophiaStage', 'The Rolling Stones'),
('JacksonStage', 'The Rolling Stones'),
('OliviaStage', 'Nirvana'),
('LiamMillerStage', 'Nirvana'),
('AidenStage', 'The Spice Girls'),
('SophiaSmithStage', 'The Spice Girls'),
('LucasWhiteStage', 'Backstreet Boys'),
('AriaStage', 'Backstreet Boys'),
('CarterStage', 'Metallica'),
('AmeliaStage', 'Metallica'),
('GraysonStage', 'The Beach Boys'),
('JaydenStage', 'The Beach Boys');





INSERT INTO PerformanceList (event_name, group_name) VALUES
('Woodstock Festival', 'The Beatles'),
('Woodstock Festival', 'Queen'),
('Woodstock Festival', 'ABBA'),
('Woodstock Festival', 'Led Zeppelin'),
('Woodstock Festival', 'The Rolling Stones'),
('Live Aid', 'Nirvana'),
('Live Aid', 'The Spice Girls'),
('Live Aid', 'Backstreet Boys'),
('Live Aid', 'Metallica'),
('Live Aid', 'The Beach Boys'),
('Apollo Legends Night', 'The Eagles'),
('Grand Ole Opry Live', 'Red Hot Chili Peppers'),
('Grand Ole Opry Live', 'Fleetwood Mac'),
('Grand Ole Opry Live', 'U2'),
('Red Rocks Concert', 'Pink Floyd'),
('Red Rocks Concert', 'The Supremes'),
('Red Rocks Concert', 'The Temptations'),
('Red Rocks Concert', 'Spinal Tap'),
('Red Rocks Concert', 'The Monkees'),
('Sydney Opera House Performance', 'Gorillaz'),
('Sydney Opera House Performance', 'The Wombats'),
('Budokan Hall Show', 'The Lumineers'),
('Glastonbury Festival', 'The Black Eyed Peas'),
('Glastonbury Festival', 'The Arctic Monkeys'),
('Glastonbury Festival', 'The Chainsmokers'),
('Coachella Music Festival', 'The Foo Fighters'),
('Montreux Jazz Festival', 'The Killers'),
('Montreux Jazz Festival', 'Imagine Dragons'),
('Reading Festival', 'The Strokes'),
('Reading Festival', 'The 1975'),
('Lollapalooza', 'Elvis Presley'),
('Ultra Music Festival', 'Aretha Franklin'),
('Burning Man', 'Michael Jackson'),
('Isle of Wight Festival', 'Madonna'),
('Isle of Wight Festival', 'Bob Dylan'),
('Isle of Wight Festival', 'Adele');



-- Woodstock Festival
INSERT INTO Tickets (id, event_name, purchased_by, price) VALUES
(1, 'Woodstock Festival', 1, 50.00),
(2, 'Woodstock Festival', 2, 55.50),
(3, 'Woodstock Festival', 3, 60.25),
(4, 'Woodstock Festival', 4, 45.75),
(5, 'Woodstock Festival', 5, 70.50),
(6, 'Woodstock Festival', 6, 65.25),
(7, 'Woodstock Festival', 7, 80.00),
(8, 'Woodstock Festival', 8, 75.75),
(9, 'Woodstock Festival', 9, 90.50),
(10, 'Woodstock Festival', 10, 85.25),
(11, 'Woodstock Festival', NULL, 30.50),
(12, 'Woodstock Festival', NULL, 25.25),
(13, 'Woodstock Festival', 11, 40.00),
(14, 'Woodstock Festival', NULL, 35.75),
(15, 'Woodstock Festival', 13, 50.50),
(16, 'Woodstock Festival', NULL, 45.25),
(17, 'Woodstock Festival', 15, 60.00),
(18, 'Woodstock Festival', NULL, 55.75),
(19, 'Woodstock Festival', NULL, 70.50),
(20, 'Woodstock Festival', 18, 65.25),
(21, 'Woodstock Festival', NULL, 80.00),
(22, 'Woodstock Festival', 20, 75.75),
(23, 'Woodstock Festival', NULL, 90.50),
(24, 'Woodstock Festival', NULL, 85.25),
(25, 'Woodstock Festival', 23, 100.00),
(26, 'Woodstock Festival', NULL, 95.75),
(27, 'Woodstock Festival', 25, 35.50),
(28, 'Woodstock Festival', NULL, 30.25),
(29, 'Woodstock Festival', NULL, 45.00),
(30, 'Woodstock Festival', 28, 40.75),
(31, 'Woodstock Festival', NULL, 55.50),
(32, 'Woodstock Festival', 30, 50.25),
(33, 'Woodstock Festival', NULL, 65.00),
(34, 'Woodstock Festival', 32, 60.75),
(35, 'Woodstock Festival', NULL, 75.50),
(36, 'Woodstock Festival', NULL, 70.25),
(37, 'Woodstock Festival', 35, 85.00),
(38, 'Woodstock Festival', NULL, 80.75),
(39, 'Woodstock Festival', NULL, 95.50),
(40, 'Woodstock Festival', 38, 90.25),
(41, 'Woodstock Festival', NULL, 20.00),
(42, 'Woodstock Festival', NULL, 15.75),
(43, 'Woodstock Festival', 41, 30.50),
(44, 'Woodstock Festival', NULL, 25.25),
(45, 'Woodstock Festival', 43, 40.00),
(46, 'Woodstock Festival', NULL, 35.75),
(47, 'Woodstock Festival', 45, 50.50),
(48, 'Woodstock Festival', NULL, 45.25),
(49, 'Woodstock Festival', 47, 60.00),
(50, 'Woodstock Festival', NULL, 55.75),
(51, 'Woodstock Festival', NULL, 70.50),
(52, 'Woodstock Festival', 50, 65.25),
(53, 'Woodstock Festival', NULL, 80.00),
(54, 'Woodstock Festival', 52, 75.75),
(55, 'Woodstock Festival', NULL, 90.50),
(56, 'Woodstock Festival', NULL, 85.25),
(57, 'Woodstock Festival', 55, 100.00),
(58, 'Woodstock Festival', NULL, 95.75),
(59, 'Woodstock Festival', 57, 35.50),
(60, 'Woodstock Festival', NULL, 30.25),
(61, 'Woodstock Festival', NULL, 45.00),
(62, 'Woodstock Festival', 60, 40.75),
(63, 'Woodstock Festival', NULL, 55.50),
(64, 'Woodstock Festival', 62, 50.25),
(65, 'Woodstock Festival', NULL, 65.00),
(66, 'Woodstock Festival', 64, 60.75),
(67, 'Woodstock Festival', NULL, 75.50),
(68, 'Woodstock Festival', NULL, 70.25),
(69, 'Woodstock Festival', 67, 85.00),
(70, 'Woodstock Festival', NULL, 80.75),
(71, 'Woodstock Festival', NULL, 95.50),
(72, 'Woodstock Festival', 70, 90.25),
(73, 'Woodstock Festival', NULL, 20.00),
(74, 'Woodstock Festival', NULL, 15.75),
(75, 'Woodstock Festival', 73, 30.50),
(76, 'Woodstock Festival', NULL, 25.25),
(77, 'Woodstock Festival', 75, 40.00),
(78, 'Woodstock Festival', NULL, 35.75),
(79, 'Woodstock Festival', 77, 50.50),
(80, 'Woodstock Festival', NULL, 45.25),
(81, 'Woodstock Festival', 79, 60.00),
(82, 'Woodstock Festival', NULL, 55.75),
(83, 'Woodstock Festival', NULL, 70.50),
(84, 'Woodstock Festival', 82, 65.25),
(85, 'Woodstock Festival', NULL, 80.00),
(86, 'Woodstock Festival', 84, 75.75),
(87, 'Woodstock Festival', NULL, 90.50),
(88, 'Woodstock Festival', NULL, 85.25),
(89, 'Woodstock Festival', 87, 100.00),
(90, 'Woodstock Festival', NULL, 95.75),
(91, 'Woodstock Festival', 89, 35.50),
(92, 'Woodstock Festival', NULL, 30.25),
(93, 'Woodstock Festival', NULL, 45.00),
(94, 'Woodstock Festival', 92, 40.75),
(95, 'Woodstock Festival', NULL, 55.50),
(96, 'Woodstock Festival', 94, 50.25),
(97, 'Woodstock Festival', NULL, 65.00),
(98, 'Woodstock Festival', 96, 60.75),
(99, 'Woodstock Festival', NULL, 75.50),
(100, 'Woodstock Festival', NULL, 70.25);

-- Live Aid
INSERT INTO Tickets (id, event_name, purchased_by, price) VALUES
(1, 'Live Aid', 11, 100.00),
(2, 'Live Aid', 12, 95.75),
(3, 'Live Aid', 13, 110.50),
(4, 'Live Aid', 14, 105.25),
(5, 'Live Aid', 15, 120.00),
(6, 'Live Aid', 16, 115.75),
(7, 'Live Aid', 17, 130.50),
(8, 'Live Aid', 18, 125.25),
(9, 'Live Aid', 19, 140.00),
(10, 'Live Aid', 20, 135.75),
(11, 'Live Aid', 21, 150.50),
(12, 'Live Aid', 22, 145.25),
(13, 'Live Aid', 23, 160.00),
(14, 'Live Aid', 24, 155.75),
(15, 'Live Aid', NULL, 170.50),
(16, 'Live Aid', 26, 165.25),
(17, 'Live Aid', 27, 180.00),
(18, 'Live Aid', NULL, 175.75),
(19, 'Live Aid', 29, 190.50),
(20, 'Live Aid', 30, 185.25),
(21, 'Live Aid', NULL, 200.00),
(22, 'Live Aid', 32, 195.75),
(23, 'Live Aid', 33, 210.50),
(24, 'Live Aid', 34, 205.25),
(25, 'Live Aid', 35, 220.00),
(26, 'Live Aid', 36, 215.75),
(27, 'Live Aid', 37, 230.50),
(28, 'Live Aid', 38, 225.25),
(29, 'Live Aid', 39, 240.00),
(30, 'Live Aid', 40, 235.75),
(31, 'Live Aid', 41, 250.50),
(32, 'Live Aid', NULL, 245.25),
(33, 'Live Aid', 43, 160.00),
(34, 'Live Aid', 44, 155.75),
(35, 'Live Aid', 45, 170.50),
(36, 'Live Aid', 46, 165.25),
(37, 'Live Aid', NULL, 180.00),
(38, 'Live Aid', 48, 175.75),
(39, 'Live Aid', 49, 190.50),
(40, 'Live Aid', 50, 185.25),
(41, 'Live Aid', 51, 200.00),
(42, 'Live Aid', 52, 195.75),
(43, 'Live Aid', 53, 210.50),
(44, 'Live Aid', 54, 205.25),
(45, 'Live Aid', 55, 220.00),
(46, 'Live Aid', 56, 215.75),
(47, 'Live Aid', 57, 230.50),
(48, 'Live Aid', 58, 225.25),
(49, 'Live Aid', 59, 240.00),
(50, 'Live Aid', NULL, 235.75),
(51, 'Live Aid', 61, 250.50),
(52, 'Live Aid', 62, 245.25),
(53, 'Live Aid', 63, 160.00),
(54, 'Live Aid', 64, 155.75),
(55, 'Live Aid', 65, 170.50),
(56, 'Live Aid', 66, 165.25),
(57, 'Live Aid', NULL, 180.00),
(58, 'Live Aid', 68, 175.75),
(59, 'Live Aid', 69, 190.50),
(60, 'Live Aid', 70, 185.25),
(61, 'Live Aid', 71, 200.00),
(62, 'Live Aid', 72, 195.75),
(63, 'Live Aid', 73, 210.50),
(64, 'Live Aid', 74, 205.25),
(65, 'Live Aid', 75, 220.00),
(66, 'Live Aid', 76, 215.75),
(67, 'Live Aid', 77, 230.50),
(68, 'Live Aid', 78, 225.25),
(69, 'Live Aid', 79, 240.00),
(70, 'Live Aid', NULL, 235.75),
(71, 'Live Aid', 81, 250.50),
(72, 'Live Aid', 82, 245.25),
(73, 'Live Aid', 83, 160.00),
(74, 'Live Aid', 84, 155.75),
(75, 'Live Aid', 85, 170.50),
(76, 'Live Aid', 86, 165.25),
(77, 'Live Aid', NULL, 180.00),
(78, 'Live Aid', 88, 175.75),
(79, 'Live Aid', 89, 190.50),
(80, 'Live Aid', 90, 185.25),
(81, 'Live Aid', 91, 200.00),
(82, 'Live Aid', 92, 195.75),
(83, 'Live Aid', 93, 210.50),
(84, 'Live Aid', 94, 205.25),
(85, 'Live Aid', 95, 220.00),
(86, 'Live Aid', 96, 215.75),
(87, 'Live Aid', 97, 230.50),
(88, 'Live Aid', 98, 225.25),
(89, 'Live Aid', 99, 240.00),
(90, 'Live Aid', NULL, 235.75),
(91, 'Live Aid', 101, 250.50),
(92, 'Live Aid', 102, 245.25),
(93, 'Live Aid', 103, 160.00),
(94, 'Live Aid', 104, 155.75),
(95, 'Live Aid', 105, 170.50),
(96, 'Live Aid', 106, 165.25),
(97, 'Live Aid', NULL, 180.00),
(98, 'Live Aid', 108, 175.75),
(99, 'Live Aid', 109, 190.50),
(100, 'Live Aid', 110, 185.25),
(101, 'Live Aid', 111, 200.00),
(102, 'Live Aid', 112, 195.75),
(103, 'Live Aid', 113, 210.50),
(104, 'Live Aid', 114, 205.25),
(105, 'Live Aid', 115, 220.00),
(106, 'Live Aid', 116, 215.75),
(107, 'Live Aid', 117, 230.50),
(108, 'Live Aid', 118, 225.25),
(109, 'Live Aid', 119, 240.00),
(110, 'Live Aid', NULL, 235.75),
(111, 'Live Aid', 121, 250.50),
(112, 'Live Aid', 122, 245.25),
(113, 'Live Aid', 123, 160.00),
(114, 'Live Aid', 124, 155.75),
(115, 'Live Aid', 125, 170.50),
(116, 'Live Aid', 126, 165.25),
(117, 'Live Aid', NULL, 180.00),
(118, 'Live Aid', 128, 175.75),
(119, 'Live Aid', 129, 190.50),
(120, 'Live Aid', 130, 185.25),
(121, 'Live Aid', 131, 200.00),
(122, 'Live Aid', 132, 195.75),
(123, 'Live Aid', 133, 210.50),
(124, 'Live Aid', 134, 205.25),
(125, 'Live Aid', 135, 220.00),
(126, 'Live Aid', 136, 215.75),
(127, 'Live Aid', 137, 230.50),
(128, 'Live Aid', 138, 225.25),
(129, 'Live Aid', 139, 240.00),
(130, 'Live Aid', NULL, 235.75),
(131, 'Live Aid', 141, 250.50),
(132, 'Live Aid', 142, 245.25),
(133, 'Live Aid', 143, 160.00),
(134, 'Live Aid', 144, 155.75),
(135, 'Live Aid', 145, 170.50),
(136, 'Live Aid', 146, 165.25),
(137, 'Live Aid', NULL, 180.00),
(138, 'Live Aid', 148, 175.75),
(139, 'Live Aid', 149, 190.50),
(140, 'Live Aid', 150, 185.25),
(141, 'Live Aid', 151, 200.00),
(142, 'Live Aid', 152, 195.75),
(143, 'Live Aid', 153, 210.50),
(144, 'Live Aid', 154, 205.25),
(145, 'Live Aid', 155, 220.00),
(146, 'Live Aid', 156, 215.75),
(147, 'Live Aid', 157, 230.50),
(148, 'Live Aid', 158, 225.25),
(149, 'Live Aid', 159, 240.00),
(150, 'Live Aid', NULL, 235.75),
(151, 'Live Aid', 161, 250.50),
(152, 'Live Aid', 162, 245.25),
(153, 'Live Aid', 163, 160.00),
(154, 'Live Aid', 164, 155.75),
(155, 'Live Aid', 165, 170.50),
(156, 'Live Aid', 166, 165.25),
(157, 'Live Aid', NULL, 180.00),
(158, 'Live Aid', 168, 175.75),
(159, 'Live Aid', 169, 190.50),
(160, 'Live Aid', 170, 185.25),
(161, 'Live Aid', 171, 200.00),
(162, 'Live Aid', 172, 195.75),
(163, 'Live Aid', 173, 210.50),
(164, 'Live Aid', 174, 205.25),
(165, 'Live Aid', 175, 220.00),
(166, 'Live Aid', 176, 215.75),
(167, 'Live Aid', 177, 230.50),
(168, 'Live Aid', 178, 225.25),
(169, 'Live Aid', 179, 240.00),
(170, 'Live Aid', NULL, 235.75);

-- Apollo Legends Night
INSERT INTO Tickets (id, event_name, purchased_by, price) VALUES
(1, 'Apollo Legends Night', 21, 75.00),
(2, 'Apollo Legends Night', 22, 80.50),
(3, 'Apollo Legends Night', 23, 85.25),
(4, 'Apollo Legends Night', 24, 90.75),
(5, 'Apollo Legends Night', 25, 95.50),
(6, 'Apollo Legends Night', 26, 100.25),
(7, 'Apollo Legends Night', 27, 105.00),
(8, 'Apollo Legends Night', 28, 110.75),
(9, 'Apollo Legends Night', 29, 115.50),
(10, 'Apollo Legends Night', 30, 120.25);

-- Grand Ole Opry Live
INSERT INTO Tickets (id, event_name, purchased_by, price) VALUES
(1, 'Grand Ole Opry Live', 31, 65.00),
(2, 'Grand Ole Opry Live', 32, 70.50),
(3, 'Grand Ole Opry Live', 33, 75.25),
(4, 'Grand Ole Opry Live', 34, 80.75),
(5, 'Grand Ole Opry Live', 35, 85.50),
(6, 'Grand Ole Opry Live', 36, 90.25),
(7, 'Grand Ole Opry Live', 37, 95.00),
(8, 'Grand Ole Opry Live', 38, 100.75),
(9, 'Grand Ole Opry Live', 39, 105.50),
(10, 'Grand Ole Opry Live', 40, 110.25);

-- Red Rocks Concert
INSERT INTO Tickets (id, event_name, purchased_by, price) VALUES
(1, 'Red Rocks Concert', 41, 55.00),
(2, 'Red Rocks Concert', 42, 60.50),
(3, 'Red Rocks Concert', 43, 65.25),
(4, 'Red Rocks Concert', 44, 70.75),
(5, 'Red Rocks Concert', 45, 75.50),
(6, 'Red Rocks Concert', 46, 80.25),
(7, 'Red Rocks Concert', 47, 85.00),
(8, 'Red Rocks Concert', 48, 90.75),
(9, 'Red Rocks Concert', 49, 95.50),
(10, 'Red Rocks Concert', 50, 100.25);

-- Sydney Opera House Performance
INSERT INTO Tickets (id, event_name, purchased_by, price) VALUES
(1, 'Sydney Opera House Performance', 51, 120.00),
(2, 'Sydney Opera House Performance', 52, 115.75),
(3, 'Sydney Opera House Performance', 53, 130.50),
(4, 'Sydney Opera House Performance', 54, 125.25),
(5, 'Sydney Opera House Performance', 55, 140.00),
(6, 'Sydney Opera House Performance', 56, 135.75),
(7, 'Sydney Opera House Performance', 57, 150.50),
(8, 'Sydney Opera House Performance', 58, 145.25),
(9, 'Sydney Opera House Performance', 59, 160.00),
(10, 'Sydney Opera House Performance', 60, 155.75);

-- Budokan Hall Show
INSERT INTO Tickets (id, event_name, purchased_by, price) VALUES
(1, 'Budokan Hall Show', 61, 80.00),
(2, 'Budokan Hall Show', 62, 75.75),
(3, 'Budokan Hall Show', 63, 90.50),
(4, 'Budokan Hall Show', 64, 85.25),
(5, 'Budokan Hall Show', 65, 100.00),
(6, 'Budokan Hall Show', 66, 95.75),
(7, 'Budokan Hall Show', 67, 110.50),
(8, 'Budokan Hall Show', 68, 105.25),
(9, 'Budokan Hall Show', 69, 120.00),
(10, 'Budokan Hall Show', 70, 115.75);

-- Glastonbury Festival
INSERT INTO Tickets (id, event_name, purchased_by, price) VALUES
(1, 'Glastonbury Festival', 1, 130.50),
(2, 'Glastonbury Festival', 2, 125.25),
(3, 'Glastonbury Festival', 3, 140.00),
(4, 'Glastonbury Festival', 4, 135.75),
(5, 'Glastonbury Festival', 5, 150.50),
(6, 'Glastonbury Festival', 6, 145.25),
(7, 'Glastonbury Festival', 7, 160.00),
(8, 'Glastonbury Festival', 8, 155.75),
(9, 'Glastonbury Festival', 9, 170.50),
(10, 'Glastonbury Festival', 10, 165.25);

-- Coachella Music Festival
INSERT INTO Tickets (id, event_name, purchased_by, price) VALUES
(1, 'Coachella Music Festival', 11, 180.00),
(2, 'Coachella Music Festival', 12, 175.75),
(3, 'Coachella Music Festival', 13, 190.50),
(4, 'Coachella Music Festival', 14, 185.25),
(5, 'Coachella Music Festival', 15, 200.00),
(6, 'Coachella Music Festival', 16, 195.75),
(7, 'Coachella Music Festival', 17, 210.50),
(8, 'Coachella Music Festival', 18, 205.25),
(9, 'Coachella Music Festival', 19, 220.00),
(10, 'Coachella Music Festival', 20, 215.75);

-- Montreux Jazz Festival
INSERT INTO Tickets (id, event_name, purchased_by, price) VALUES
(1, 'Montreux Jazz Festival', 21, 230.50),
(2, 'Montreux Jazz Festival', 22, 225.25),
(3, 'Montreux Jazz Festival', 23, 240.00),
(4, 'Montreux Jazz Festival', 24, 235.75),
(5, 'Montreux Jazz Festival', 25, 250.50),
(6, 'Montreux Jazz Festival', 26, 245.25),
(7, 'Montreux Jazz Festival', 27, 260.00),
(8, 'Montreux Jazz Festival', 28, 255.75),
(9, 'Montreux Jazz Festival', 29, 270.50),
(10, 'Montreux Jazz Festival', 30, 265.25),
(11, 'Montreux Jazz Festival', NULL, 85.50),
(12, 'Montreux Jazz Festival', NULL, 90.25),
(13, 'Montreux Jazz Festival', NULL, 95.00),
(14, 'Montreux Jazz Festival', NULL, 100.75),
(15, 'Montreux Jazz Festival', NULL, 105.50),
(16, 'Montreux Jazz Festival', 31, 110.25),
(17, 'Montreux Jazz Festival', 32, 55.00),
(18, 'Montreux Jazz Festival', 33, 60.50),
(19, 'Montreux Jazz Festival', 34, 65.25),
(20, 'Montreux Jazz Festival', 35, 70.75),
(21, 'Montreux Jazz Festival', 36, 75.50),
(22, 'Montreux Jazz Festival', 37, 80.25),
(23, 'Montreux Jazz Festival', 38, 85.00),
(24, 'Montreux Jazz Festival', 39, 90.75),
(25, 'Montreux Jazz Festival', 40, 95.50),
(26, 'Montreux Jazz Festival', 41, 100.25),
(27, 'Montreux Jazz Festival', 42, 35.00),
(28, 'Montreux Jazz Festival', 43, 40.50),
(29, 'Montreux Jazz Festival', 44, 45.25),
(30, 'Montreux Jazz Festival', 45, 50.75);;

-- Reading Festival
INSERT INTO Tickets (id, event_name, purchased_by, price) VALUES
(1, 'Reading Festival', 31, 280.00),
(2, 'Reading Festival', 32, 275.75),
(3, 'Reading Festival', 33, 290.50),
(4, 'Reading Festival', 34, 285.25),
(5, 'Reading Festival', 35, 300.00),
(6, 'Reading Festival', 36, 295.75),
(7, 'Reading Festival', 37, 310.50),
(8, 'Reading Festival', 38, 305.25),
(9, 'Reading Festival', 39, 320.00),
(10, 'Reading Festival', 40, 315.75),
(11, 'Reading Festival', 41, 220.50),
(12, 'Reading Festival', 42, 225.25),
(13, 'Reading Festival', 43, 240.00),
(14, 'Reading Festival', 44, 235.75),
(15, 'Reading Festival', 45, 250.50),
(16, 'Reading Festival', 46, 245.25),
(17, 'Reading Festival', 47, 260.00),
(18, 'Reading Festival', 48, 255.75),
(19, 'Reading Festival', 49, 270.50),
(20, 'Reading Festival', 50, 265.25),
(21, 'Reading Festival', 51, 280.00),
(22, 'Reading Festival', 52, 275.75),
(23, 'Reading Festival', 53, 290.50),
(24, 'Reading Festival', 54, 285.25),
(25, 'Reading Festival', 55, 300.00),
(26, 'Reading Festival', 56, 295.75),
(27, 'Reading Festival', 57, 310.50),
(28, 'Reading Festival', 58, 305.25),
(29, 'Reading Festival', 59, 320.00),
(30, 'Reading Festival', 60, 315.75),
(31, 'Reading Festival', 61, 330.50),
(32, 'Reading Festival', 62, 325.25),
(33, 'Reading Festival', 63, 340.00),
(34, 'Reading Festival', 64, 335.75),
(35, 'Reading Festival', 65, 350.50),
(36, 'Reading Festival', 66, 345.25),
(37, 'Reading Festival', 67, 360.00),
(38, 'Reading Festival', 68, 355.75),
(39, 'Reading Festival', 69, 370.50),
(40, 'Reading Festival', 70, 365.25),
(41, 'Reading Festival', 71, 380.00),
(42, 'Reading Festival', 72, 375.75),
(43, 'Reading Festival', 73, 390.50),
(44, 'Reading Festival', 74, 385.25),
(45, 'Reading Festival', 75, 400.00),
(46, 'Reading Festival', 76, 395.75),
(47, 'Reading Festival', 77, 410.50),
(48, 'Reading Festival', 78, 405.25),
(49, 'Reading Festival', 79, 420.00),
(50, 'Reading Festival', 80, 415.75),
(51, 'Reading Festival', 81, 220.00),
(52, 'Reading Festival', 82, 275.00),
(53, 'Reading Festival', 83, 230.50),
(54, 'Reading Festival', 84, 255.25),
(55, 'Reading Festival', 85, 250.50),
(56, 'Reading Festival', 86, 240.75),
(57, 'Reading Festival', 87, 310.00),
(58, 'Reading Festival', 88, 255.75),
(59, 'Reading Festival', 89, 270.50),
(60, 'Reading Festival', 90, 265.25),
(61, 'Reading Festival', 91, 280.00),
(62, 'Reading Festival', 92, 275.75),
(63, 'Reading Festival', 93, 290.50),
(64, 'Reading Festival', 94, 285.25),
(65, 'Reading Festival', 95, 300.00),
(66, 'Reading Festival', 96, 295.75),
(67, 'Reading Festival', 97, 310.50),
(68, 'Reading Festival', 98, 305.25),
(69, 'Reading Festival', 99, 320.00),
(70, 'Reading Festival', 100, 315.75),
(71, 'Reading Festival', 101, 220.50),
(72, 'Reading Festival', 102, 275.25),
(73, 'Reading Festival', 103, 230.00),
(74, 'Reading Festival', 104, 255.75),
(75, 'Reading Festival', 105, 250.50),
(76, 'Reading Festival', 106, 240.25),
(77, 'Reading Festival', 107, 310.50),
(78, 'Reading Festival', 108, 255.25),
(79, 'Reading Festival', 109, 270.00),
(80, 'Reading Festival', 110, 265.75),
(81, 'Reading Festival', 111, 280.50),
(82, 'Reading Festival', 112, 275.25),
(83, 'Reading Festival', 113, 290.00),
(84, 'Reading Festival', 114, 285.75),
(85, 'Reading Festival', 115, 300.50),
(86, 'Reading Festival', 116, 295.25),
(87, 'Reading Festival', 117, 310.00),
(88, 'Reading Festival', 118, 305.75),
(89, 'Reading Festival', 119, 320.50),
(90, 'Reading Festival', 120, 315.25),
(91, 'Reading Festival', 121, 220.50),
(92, 'Reading Festival', 122, 275.25),
(93, 'Reading Festival', 123, 230.00),
(94, 'Reading Festival', 124, 255.75),
(95, 'Reading Festival', 125, 250.50),
(96, 'Reading Festival', 126, 240.25),
(97, 'Reading Festival', 127, 310.50),
(98, 'Reading Festival', 128, 255.25),
(99, 'Reading Festival', 129, 270.00),
(100, 'Reading Festival', 130, 265.75),
(101, 'Reading Festival', 131, 280.50),
(102, 'Reading Festival', 132, 275.25),
(103, 'Reading Festival', 133, 290.00),
(104, 'Reading Festival', 134, 285.75),
(105, 'Reading Festival', 135, 300.50),
(106, 'Reading Festival', 136, 295.25),
(107, 'Reading Festival', 137, 310.00),
(108, 'Reading Festival', 138, 305.75),
(109, 'Reading Festival', 139, 320.50),
(110, 'Reading Festival', 140, 315.25);

-- Lollapalooza
INSERT INTO Tickets (id, event_name, purchased_by, price) VALUES
(1, 'Lollapalooza', 41, 330.50),
(2, 'Lollapalooza', 42, 325.25),
(3, 'Lollapalooza', 43, 340.00),
(4, 'Lollapalooza', 44, 335.75),
(5, 'Lollapalooza', 45, 350.50),
(6, 'Lollapalooza', 46, 345.25),
(7, 'Lollapalooza', 47, 360.00),
(8, 'Lollapalooza', 48, 355.75),
(9, 'Lollapalooza', 49, 370.50),
(10, 'Lollapalooza', 50, 365.25);

-- Ultra Music Festival
INSERT INTO Tickets (id, event_name, purchased_by, price) VALUES
(1, 'Ultra Music Festival', NULL, 380.00),
(2, 'Ultra Music Festival', NULL, 375.75),
(3, 'Ultra Music Festival', NULL, 390.50),
(4, 'Ultra Music Festival', NULL, 385.25),
(5, 'Ultra Music Festival', NULL, 400.00),
(6, 'Ultra Music Festival', NULL, 395.75),
(7, 'Ultra Music Festival', NULL, 410.50),
(8, 'Ultra Music Festival', NULL, 405.25),
(9, 'Ultra Music Festival', NULL, 420.00),
(10, 'Ultra Music Festival', NULL, 415.75),
(11, 'Ultra Music Festival', NULL, 430.50),
(12, 'Ultra Music Festival', NULL, 425.25),
(13, 'Ultra Music Festival', NULL, 440.00),
(14, 'Ultra Music Festival', NULL, 435.75),
(15, 'Ultra Music Festival', NULL, 450.50),
(16, 'Ultra Music Festival', NULL, 445.25),
(17, 'Ultra Music Festival', NULL, 460.00),
(18, 'Ultra Music Festival', NULL, 455.75),
(19, 'Ultra Music Festival', NULL, 470.50),
(20, 'Ultra Music Festival', NULL, 465.25),
(21, 'Ultra Music Festival', NULL, 480.00),
(22, 'Ultra Music Festival', NULL, 475.75),
(23, 'Ultra Music Festival', NULL, 490.50),
(24, 'Ultra Music Festival', NULL, 485.25),
(25, 'Ultra Music Festival', NULL, 500.00),
(26, 'Ultra Music Festival', NULL, 495.75),
(27, 'Ultra Music Festival', NULL, 510.50),
(28, 'Ultra Music Festival', NULL, 505.25),
(29, 'Ultra Music Festival', NULL, 520.00),
(30, 'Ultra Music Festival', NULL, 515.75),
(31, 'Ultra Music Festival', NULL, 530.50),
(32, 'Ultra Music Festival', NULL, 525.25),
(33, 'Ultra Music Festival', NULL, 540.00),
(34, 'Ultra Music Festival', NULL, 535.75),
(35, 'Ultra Music Festival', NULL, 550.50),
(36, 'Ultra Music Festival', NULL, 545.25),
(37, 'Ultra Music Festival', NULL, 560.00),
(38, 'Ultra Music Festival', NULL, 555.75),
(39, 'Ultra Music Festival', NULL, 570.50),
(40, 'Ultra Music Festival', NULL, 565.25),
(41, 'Ultra Music Festival', NULL, 580.00),
(42, 'Ultra Music Festival', NULL, 575.75),
(43, 'Ultra Music Festival', NULL, 590.50),
(44, 'Ultra Music Festival', NULL, 585.25),
(45, 'Ultra Music Festival', NULL, 600.00),
(46, 'Ultra Music Festival', NULL, 595.75),
(47, 'Ultra Music Festival', NULL, 610.50),
(48, 'Ultra Music Festival', NULL, 605.25),
(49, 'Ultra Music Festival', NULL, 620.00),
(50, 'Ultra Music Festival', NULL, 615.75),
(51, 'Ultra Music Festival', NULL, 630.50),
(52, 'Ultra Music Festival', NULL, 625.25),
(53, 'Ultra Music Festival', NULL, 640.00),
(54, 'Ultra Music Festival', NULL, 635.75),
(55, 'Ultra Music Festival', NULL, 650.50),
(56, 'Ultra Music Festival', NULL, 645.25),
(57, 'Ultra Music Festival', NULL, 660.00),
(58, 'Ultra Music Festival', NULL, 655.75),
(59, 'Ultra Music Festival', NULL, 670.50),
(60, 'Ultra Music Festival', NULL, 665.25);

-- output 200 more entries for burning man, don't stop until you hit 400 ticket id, keep prices between 
-- 300-700 and have half of the entries you generate be null for purchased by. start your ticket entries 
-- at id 201 and dont stop until 400. for the purchased by that aren't null, randomly generate values between 1-200


-- Burning Man
INSERT INTO Tickets (id, event_name, purchased_by, price) VALUES
(1, 'Burning Man', 31, 430.50),
(2, 'Burning Man', 32, 425.25),
(3, 'Burning Man', 33, 440.00),
(4, 'Burning Man', 34, 435.75),
(5, 'Burning Man', 35, 450.50),
(6, 'Burning Man', 36, 445.25),
(7, 'Burning Man', 37, 460.00),
(8, 'Burning Man', 38, 455.75),
(9, 'Burning Man', 39, 470.50),
(10, 'Burning Man', 40, 465.25),
(11, 'Burning Man', 41, 480.00),
(12, 'Burning Man', 42, 475.75),
(13, 'Burning Man', 43, 490.50),
(14, 'Burning Man', 44, 485.25),
(15, 'Burning Man', 45, 500.00),
(16, 'Burning Man', 46, 495.75),
(17, 'Burning Man', 47, 510.50),
(18, 'Burning Man', 48, 505.25),
(19, 'Burning Man', 49, 520.00),
(20, 'Burning Man', 50, 515.75),
(21, 'Burning Man', 51, 530.50),
(22, 'Burning Man', 52, 525.25),
(23, 'Burning Man', 53, 540.00),
(24, 'Burning Man', 54, 535.75),
(25, 'Burning Man', 55, 550.50),
(26, 'Burning Man', 56, 545.25),
(27, 'Burning Man', 57, 560.00),
(28, 'Burning Man', 58, 555.75),
(29, 'Burning Man', 59, 570.50),
(30, 'Burning Man', 60, 565.25),
(31, 'Burning Man', 61, 580.00),
(32, 'Burning Man', 62, 575.75),
(33, 'Burning Man', 63, 590.50),
(34, 'Burning Man', 64, 585.25),
(35, 'Burning Man', 65, 600.00),
(36, 'Burning Man', 66, 595.75),
(37, 'Burning Man', 67, 610.50),
(38, 'Burning Man', 68, 605.25),
(39, 'Burning Man', 69, 620.00),
(40, 'Burning Man', 70, 615.75),
(41, 'Burning Man', 71, 630.50),
(42, 'Burning Man', 72, 625.25),
(43, 'Burning Man', 73, 640.00),
(44, 'Burning Man', 74, 635.75),
(45, 'Burning Man', 75, 650.50),
(46, 'Burning Man', 76, 645.25),
(47, 'Burning Man', 77, 660.00),
(48, 'Burning Man', 78, 655.75),
(49, 'Burning Man', 79, 670.50),
(50, 'Burning Man', 80, 665.25),
(51, 'Burning Man', 81, 680.00),
(52, 'Burning Man', 82, 675.75),
(53, 'Burning Man', 83, 690.50),
(54, 'Burning Man', 84, 685.25),
(55, 'Burning Man', 85, 700.00),
(56, 'Burning Man', 86, 695.75),
(57, 'Burning Man', 87, 710.50),
(58, 'Burning Man', 88, 705.25),
(59, 'Burning Man', 89, 720.00),
(60, 'Burning Man', 90, 715.75),
(61, 'Burning Man', 91, 730.50),
(62, 'Burning Man', 92, 725.25),
(63, 'Burning Man', 93, 740.00),
(64, 'Burning Man', 94, 735.75),
(65, 'Burning Man', 95, 750.50),
(66, 'Burning Man', 96, 745.25),
(67, 'Burning Man', 97, 760.00),
(68, 'Burning Man', 98, 755.75),
(69, 'Burning Man', 99, 770.50),
(70, 'Burning Man', 100, 765.25),
(71, 'Burning Man', 101, 780.00),
(72, 'Burning Man', 102, 775.75),
(73, 'Burning Man', 103, 790.50),
(74, 'Burning Man', 104, 785.25),
(75, 'Burning Man', 105, 800.00),
(76, 'Burning Man', 106, 795.75),
(77, 'Burning Man', 107, 810.50),
(78, 'Burning Man', 108, 805.25),
(79, 'Burning Man', 109, 820.00),
(80, 'Burning Man', 110, 815.75),
(81, 'Burning Man', 111, 830.50),
(82, 'Burning Man', 112, 825.25),
(83, 'Burning Man', 113, 840.00),
(84, 'Burning Man', 114, 835.75),
(85, 'Burning Man', 115, 850.50),
(86, 'Burning Man', 116, 845.25),
(87, 'Burning Man', 117, 860.00),
(88, 'Burning Man', 118, 855.75),
(89, 'Burning Man', 119, 870.50),
(90, 'Burning Man', 120, 865.25),
(91, 'Burning Man', 121, 880.00),
(92, 'Burning Man', 122, 875.75),
(93, 'Burning Man', 123, 890.50),
(94, 'Burning Man', 124, 885.25),
(95, 'Burning Man', 125, 900.00),
(96, 'Burning Man', 126, 895.75),
(97, 'Burning Man', 127, 910.50),
(98, 'Burning Man', 128, 905.25),
(99, 'Burning Man', 129, 920.00),
(100, 'Burning Man', 130, 915.75),
(101, 'Burning Man', NULL, 430.50),
(102, 'Burning Man', NULL, 425.25),
(103, 'Burning Man', NULL, 440.00),
(104, 'Burning Man', NULL, 435.75),
(105, 'Burning Man', NULL, 450.50),
(106, 'Burning Man', NULL, 445.25),
(107, 'Burning Man', NULL, 460.00),
(108, 'Burning Man', NULL, 455.75),
(109, 'Burning Man', NULL, 470.50),
(110, 'Burning Man', NULL, 465.25),
(111, 'Burning Man', NULL, 480.00),
(112, 'Burning Man', NULL, 475.75),
(113, 'Burning Man', NULL, 490.50),
(114, 'Burning Man', NULL, 485.25),
(115, 'Burning Man', NULL, 500.00),
(116, 'Burning Man', NULL, 495.75),
(117, 'Burning Man', NULL, 510.50),
(118, 'Burning Man', NULL, 505.25),
(119, 'Burning Man', NULL, 520.00),
(120, 'Burning Man', NULL, 515.75),
(121, 'Burning Man', NULL, 530.50),
(122, 'Burning Man', NULL, 525.25),
(123, 'Burning Man', NULL, 540.00),
(124, 'Burning Man', NULL, 535.75),
(125, 'Burning Man', NULL, 550.50),
(126, 'Burning Man', NULL, 545.25),
(127, 'Burning Man', NULL, 560.00),
(128, 'Burning Man', NULL, 555.75),
(129, 'Burning Man', NULL, 570.50),
(130, 'Burning Man', NULL, 565.25),
(131, 'Burning Man', NULL, 580.00),
(132, 'Burning Man', NULL, 575.75),
(133, 'Burning Man', NULL, 590.50),
(134, 'Burning Man', NULL, 585.25),
(135, 'Burning Man', NULL, 600.00),
(136, 'Burning Man', NULL, 595.75),
(137, 'Burning Man', NULL, 610.50),
(138, 'Burning Man', NULL, 605.25),
(139, 'Burning Man', NULL, 620.00),
(140, 'Burning Man', NULL, 615.75),
(141, 'Burning Man', NULL, 630.50),
(142, 'Burning Man', NULL, 625.25),
(143, 'Burning Man', NULL, 640.00),
(144, 'Burning Man', NULL, 635.75),
(145, 'Burning Man', NULL, 650.50),
(146, 'Burning Man', NULL, 645.25),
(147, 'Burning Man', NULL, 660.00),
(148, 'Burning Man', NULL, 655.75),
(149, 'Burning Man', NULL, 670.50),
(150, 'Burning Man', NULL, 665.25),
(151, 'Burning Man', NULL, 680.00),
(152, 'Burning Man', NULL, 675.75),
(153, 'Burning Man', NULL, 690.50),
(154, 'Burning Man', NULL, 685.25),
(155, 'Burning Man', NULL, 700.00),
(156, 'Burning Man', NULL, 695.75),
(157, 'Burning Man', NULL, 710.50),
(158, 'Burning Man', NULL, 705.25),
(159, 'Burning Man', NULL, 720.00),
(160, 'Burning Man', NULL, 715.75),
(161, 'Burning Man', NULL, 730.50),
(162, 'Burning Man', NULL, 725.25),
(163, 'Burning Man', NULL, 740.00),
(164, 'Burning Man', NULL, 735.75),
(165, 'Burning Man', NULL, 750.50),
(166, 'Burning Man', NULL, 745.25),
(167, 'Burning Man', NULL, 760.00),
(168, 'Burning Man', NULL, 755.75),
(169, 'Burning Man', NULL, 770.50),
(170, 'Burning Man', NULL, 765.25),
(171, 'Burning Man', NULL, 780.00),
(172, 'Burning Man', NULL, 775.75),
(173, 'Burning Man', NULL, 790.50),
(174, 'Burning Man', NULL, 785.25),
(175, 'Burning Man', NULL, 800.00),
(176, 'Burning Man', NULL, 795.75),
(177, 'Burning Man', NULL, 810.50),
(178, 'Burning Man', NULL, 805.25),
(179, 'Burning Man', NULL, 820.00),
(180, 'Burning Man', NULL, 815.75),
(181, 'Burning Man', NULL, 830.50),
(182, 'Burning Man', NULL, 825.25),
(183, 'Burning Man', NULL, 840.00),
(184, 'Burning Man', NULL, 835.75),
(185, 'Burning Man', NULL, 850.50),
(186, 'Burning Man', NULL, 845.25),
(187, 'Burning Man', NULL, 860.00),
(188, 'Burning Man', NULL, 855.75),
(189, 'Burning Man', NULL, 870.50),
(190, 'Burning Man', NULL, 865.25),
(191, 'Burning Man', NULL, 880.00),
(192, 'Burning Man', NULL, 875.75),
(193, 'Burning Man', NULL, 890.50),
(194, 'Burning Man', NULL, 885.25),
(195, 'Burning Man', NULL, 900.00),
(196, 'Burning Man', NULL, 895.75),
(197, 'Burning Man', NULL, 910.50),
(198, 'Burning Man', NULL, 905.25),
(199, 'Burning Man', NULL, 920.00),
(200, 'Burning Man', NULL, 915.75),
(201, 'Burning Man', 1, 350.25),
(202, 'Burning Man', 2, 380.50),
(203, 'Burning Man', NULL, 430.00),
(204, 'Burning Man', 4, 420.75),
(205, 'Burning Man', NULL, 370.50),
(206, 'Burning Man', 6, 480.25),
(207, 'Burning Man', NULL, 345.00),
(208, 'Burning Man', 8, 590.50),
(209, 'Burning Man', NULL, 315.75),
(210, 'Burning Man', 10, 550.00),
(211, 'Burning Man', NULL, 395.25),
(212, 'Burning Man', 12, 620.50),
(213, 'Burning Man', NULL, 340.00),
(214, 'Burning Man', 14, 650.75),
(215, 'Burning Man', NULL, 310.50),
(216, 'Burning Man', 16, 550.25),
(217, 'Burning Man', NULL, 385.00),
(218, 'Burning Man', 18, 675.50),
(219, 'Burning Man', NULL, 330.75),
(220, 'Burning Man', 20, 525.00),
(221, 'Burning Man', NULL, 365.25),
(222, 'Burning Man', 22, 655.50),
(223, 'Burning Man', NULL, 305.50),
(224, 'Burning Man', 24, 525.25),
(225, 'Burning Man', NULL, 670.00),
(226, 'Burning Man', 26, 655.75),
(227, 'Burning Man', NULL, 335.25),
(228, 'Burning Man', 28, 390.50),
(229, 'Burning Man', NULL, 630.75),
(230, 'Burning Man', 30, 485.00),
(231, 'Burning Man', NULL, 380.25),
(232, 'Burning Man', 32, 680.50),
(233, 'Burning Man', NULL, 305.75),
(234, 'Burning Man', 34, 625.00),
(235, 'Burning Man', NULL, 320.50),
(236, 'Burning Man', 36, 610.25),
(237, 'Burning Man', NULL, 355.00),
(238, 'Burning Man', 38, 670.50),
(239, 'Burning Man', NULL, 315.75),
(240, 'Burning Man', 40, 505.00),
(241, 'Burning Man', NULL, 310.25),
(242, 'Burning Man', 42, 695.50),
(243, 'Burning Man', NULL, 360.75),
(244, 'Burning Man', 44, 495.00),
(245, 'Burning Man', NULL, 660.25),
(246, 'Burning Man', 46, 615.50),
(247, 'Burning Man', NULL, 325.50),
(248, 'Burning Man', 48, 670.75),
(249, 'Burning Man', NULL, 310.00),
(250, 'Burning Man', 50, 530.00),
(251, 'Burning Man', NULL, 375.25),
(252, 'Burning Man', 52, 700.50),
(253, 'Burning Man', NULL, 335.75),
(254, 'Burning Man', 54, 540.25),
(255, 'Burning Man', NULL, 360.00),
(256, 'Burning Man', 56, 725.50),
(257, 'Burning Man', NULL, 320.25),
(258, 'Burning Man', 58, 580.00),
(259, 'Burning Man', NULL, 395.75),
(260, 'Burning Man', 60, 495.25),
(261, 'Burning Man', NULL, 640.50),
(262, 'Burning Man', 62, 665.75),
(263, 'Burning Man', NULL, 355.50),
(264, 'Burning Man', 64, 495.50),
(265, 'Burning Man', NULL, 610.75),
(266, 'Burning Man', 66, 700.00),
(267, 'Burning Man', NULL, 330.25),
(268, 'Burning Man', 68, 585.25),
(269, 'Burning Man', NULL, 400.50),
(270, 'Burning Man', 70, 670.75),
(271, 'Burning Man', NULL, 335.50),
(272, 'Burning Man', 72, 570.00),
(273, 'Burning Man', NULL, 410.75),
(274, 'Burning Man', 74, 660.50),
(275, 'Burning Man', NULL, 315.25),
(276, 'Burning Man', 76, 580.50),
(277, 'Burning Man', NULL, 425.00),
(278, 'Burning Man', 78, 745.25),
(279, 'Burning Man', NULL, 350.75),
(280, 'Burning Man', 80, 620.50),
(281, 'Burning Man', NULL, 360.00),
(282, 'Burning Man', 82, 745.50),
(283, 'Burning Man', NULL, 325.50),
(284, 'Burning Man', 84, 550.25),
(285, 'Burning Man', NULL, 390.00),
(286, 'Burning Man', 86, 700.50),
(287, 'Burning Man', NULL, 330.75),
(288, 'Burning Man', 88, 555.00),
(289, 'Burning Man', NULL, 410.25),
(290, 'Burning Man', 90, 675.50),
(291, 'Burning Man', NULL, 345.50),
(292, 'Burning Man', 92, 635.75),
(293, 'Burning Man', NULL, 385.00),
(294, 'Burning Man', 94, 695.00),
(295, 'Burning Man', NULL, 320.25),
(296, 'Burning Man', 96, 525.50),
(297, 'Burning Man', NULL, 400.75),
(298, 'Burning Man', 98, 725.00),
(299, 'Burning Man', NULL, 355.25),
(300, 'Burning Man', 100, 680.25),
(301, 'Burning Man', NULL, 345.00),
(302, 'Burning Man', 102, 610.50),
(303, 'Burning Man', NULL, 375.75),
(304, 'Burning Man', 104, 630.00),
(305, 'Burning Man', NULL, 315.50),
(306, 'Burning Man', 106, 555.25),
(307, 'Burning Man', NULL, 385.50),
(308, 'Burning Man', 108, 675.75),
(309, 'Burning Man', NULL, 335.00),
(310, 'Burning Man', 110, 640.25),
(311, 'Burning Man', NULL, 350.50),
(312, 'Burning Man', 112, 715.75),
(313, 'Burning Man', NULL, 360.25),
(314, 'Burning Man', 114, 630.50),
(315, 'Burning Man', NULL, 370.75),
(316, 'Burning Man', 116, 620.00),
(317, 'Burning Man', NULL, 395.25),
(318, 'Burning Man', 118, 675.50),
(319, 'Burning Man', NULL, 355.75),
(320, 'Burning Man', 120, 530.00),
(321, 'Burning Man', NULL, 360.50),
(322, 'Burning Man', 122, 690.25),
(323, 'Burning Man', NULL, 345.25),
(324, 'Burning Man', 124, 660.50),
(325, 'Burning Man', NULL, 325.75),
(326, 'Burning Man', 126, 680.75),
(327, 'Burning Man', NULL, 340.50),
(328, 'Burning Man', 128, 650.25),
(329, 'Burning Man', NULL, 310.75),
(330, 'Burning Man', 130, 590.00),
(331, 'Burning Man', NULL, 380.00),
(332, 'Burning Man', 132, 675.25),
(333, 'Burning Man', NULL, 315.50),
(334, 'Burning Man', 134, 630.75),
(335, 'Burning Man', NULL, 365.00),
(336, 'Burning Man', 136, 645.50),
(337, 'Burning Man', NULL, 355.25),
(338, 'Burning Man', 138, 650.75),
(339, 'Burning Man', NULL, 375.50),
(340, 'Burning Man', 140, 530.25),
(341, 'Burning Man', NULL, 395.00),
(342, 'Burning Man', 142, 685.25),
(343, 'Burning Man', NULL, 340.75),
(344, 'Burning Man', 144, 700.00),
(345, 'Burning Man', NULL, 335.00),
(346, 'Burning Man', 146, 550.75),
(347, 'Burning Man', NULL, 395.25),
(348, 'Burning Man', 148, 640.50),
(349, 'Burning Man', NULL, 315.75),
(350, 'Burning Man', 150, 695.75),
(351, 'Burning Man', NULL, 345.50),
(352, 'Burning Man', 152, 675.50),
(353, 'Burning Man', NULL, 365.75),
(354, 'Burning Man', 154, 605.00),
(355, 'Burning Man', NULL, 375.25),
(356, 'Burning Man', 156, 620.75),
(357, 'Burning Man', NULL, 385.50),
(358, 'Burning Man', 158, 570.25),
(359, 'Burning Man', NULL, 395.75),
(360, 'Burning Man', 160, 650.00),
(361, 'Burning Man', NULL, 335.50),
(362, 'Burning Man', 162, 655.25),
(363, 'Burning Man', NULL, 360.00),
(364, 'Burning Man', 164, 635.50),
(365, 'Burning Man', NULL, 355.25),
(366, 'Burning Man', 166, 630.75),
(367, 'Burning Man', NULL, 340.50),
(368, 'Burning Man', 168, 595.25),
(369, 'Burning Man', NULL, 385.00),
(370, 'Burning Man', 170, 685.50),
(371, 'Burning Man', NULL, 350.25),
(372, 'Burning Man', 172, 630.00),
(373, 'Burning Man', NULL, 365.00),
(374, 'Burning Man', 174, 675.75),
(375, 'Burning Man', NULL, 335.75),
(376, 'Burning Man', 176, 560.50),
(377, 'Burning Man', NULL, 370.00),
(378, 'Burning Man', 178, 670.75),
(379, 'Burning Man', NULL, 325.25),
(380, 'Burning Man', 180, 685.00),
(381, 'Burning Man', NULL, 345.00),
(382, 'Burning Man', 182, 660.25),
(383, 'Burning Man', NULL, 355.75),
(384, 'Burning Man', 184, 580.00),
(385, 'Burning Man', NULL, 385.25),
(386, 'Burning Man', 186, 570.50),
(387, 'Burning Man', NULL, 395.50),
(388, 'Burning Man', 188, 635.25),
(389, 'Burning Man', NULL, 325.75),
(390, 'Burning Man', 190, 655.50),
(391, 'Burning Man', NULL, 350.50),
(392, 'Burning Man', 192, 680.75),
(393, 'Burning Man', NULL, 320.00),
(394, 'Burning Man', 194, 695.25),
(395, 'Burning Man', NULL, 345.25),
(396, 'Burning Man', 196, 610.50),
(397, 'Burning Man', NULL, 375.00),
(398, 'Burning Man', 198, 600.75),
(399, 'Burning Man', NULL, 385.50),
(400, 'Burning Man', 200, 675.00);

-- Isle of Wight Festival
INSERT INTO Tickets (id, event_name, purchased_by, price) VALUES
(1, 'Isle of Wight Festival', NULL, 480.00),
(2, 'Isle of Wight Festival', NULL, 475.75),
(3, 'Isle of Wight Festival', NULL, 490.50),
(4, 'Isle of Wight Festival', NULL, 485.25),
(5, 'Isle of Wight Festival', NULL, 500.00),
(6, 'Isle of Wight Festival', NULL, 495.75),
(7, 'Isle of Wight Festival', NULL, 510.50),
(8, 'Isle of Wight Festival', NULL, 505.25),
(9, 'Isle of Wight Festival', NULL, 520.00),
(10, 'Isle of Wight Festival', NULL, 515.75);


